{
  "num_files": 10000,
  "mdv_size_bytes": 31,
  "inline_planning_time_ms": 72.06260000020848,
  "external_planning_time_ms": 543933.7896000034,
  "inline_metadata_reads": 1,
  "external_metadata_reads": 10001,
  "s3_ttfb_avg_ms": 53.35361044223017,
  "speedup_factor": 7548.073336216426
}